{
  "item-states": [
    {
      "folded": false,
      "id": "mount-assets"
    },
    {
      "folded": false,
      "id": "29f52784-2fca-467b-92e7-8fd9ef8c57b7"
    },
    {
      "folded": false,
      "id": "4734c20c-0db8-4eb2-92ea-e692f4d70934"
    },
    {
      "folded": false,
      "id": "7b81d4e8-ec84-4716-968d-500ac1d78a54"
    },
    {
      "folded": false,
      "id": "d06a4de0-ca1b-4932-b45f-789ff8fa0451"
    },
    {
      "folded": false,
      "id": "ec75545d-b590-4307-b1b9-f065bd0c1cd7"
    },
    {
      "folded": false,
      "id": "fa67e95f-a114-4b5a-a6e1-5cbd67ab31db"
    },
    {
      "folded": true,
      "id": "233c2fb3-c4cd-4a91-a57c-f4848ddcb304"
    },
    {
      "folded": true,
      "id": "15437306-dc06-404f-b960-6d29fc7b675e"
    },
    {
      "folded": true,
      "id": "602563fc-16b3-4e94-a572-78376624133c"
    },
    {
      "folded": true,
      "id": "7276b646-ce8f-43ec-80e7-f4c3540b392d"
    },
    {
      "folded": true,
      "id": "6aa0aa6a-ebee-4155-a088-a687a6aadec4"
    },
    {
      "folded": true,
      "id": "0199f321-6ed5-4087-8d2c-f1e73adc135d"
    },
    {
      "folded": true,
      "id": "63d250f7-940d-42f5-bf72-31cafd1bf5d9"
    },
    {
      "folded": true,
      "id": "a8027877-d8d6-4645-97a0-52d4a0123dba"
    },
    {
      "folded": true,
      "id": "319b4601-6867-4201-ae5c-95455f31441b"
    },
    {
      "folded": true,
      "id": "fe063713-0438-4c7b-bdfc-01524ef421ee"
    },
    {
      "folded": true,
      "id": "1fd60e1f-d660-4e25-8964-c30e8b5c499b"
    },
    {
      "folded": true,
      "id": "98b7d542-f22a-40be-a42c-c6cea9372444"
    },
    {
      "folded": true,
      "id": "f6d20016-b567-4212-a002-0b40cd78886d"
    },
    {
      "folded": true,
      "id": "b846e308-a48f-4a66-a1ee-cf4784d8a438"
    },
    {
      "folded": true,
      "id": "b394873f-9780-4175-8d46-5bb382ddf771"
    },
    {
      "folded": true,
      "id": "466555a2-969a-4543-a265-8c4afc05b701"
    },
    {
      "folded": true,
      "id": "e90108ac-56d2-4a59-8c66-0135a2421349"
    },
    {
      "folded": true,
      "id": "837eab95-71b0-41a4-87f3-49000e89baed"
    },
    {
      "folded": true,
      "id": "a785564b-f290-4c81-ae25-d4f1e3d93aad"
    },
    {
      "folded": true,
      "id": "1a1e437b-06df-437d-b0de-426b2bf4fd8c"
    },
    {
      "folded": true,
      "id": "e286aa47-e4b2-49dd-b2bd-55e495088486"
    },
    {
      "folded": true,
      "id": "bea61a04-91f6-4f0f-943e-1b95523cdcc6"
    },
    {
      "folded": true,
      "id": "9a134f13-a8ed-4fbe-a8d5-ba431f5b0169"
    },
    {
      "folded": true,
      "id": "ad1c95a2-8ba8-4ed9-99b8-d5859b5fca60"
    },
    {
      "folded": true,
      "id": "8b80f50e-9b42-45e7-b8c8-fbe72b90adc7"
    },
    {
      "folded": true,
      "id": "9a5337de-e15a-4f7e-92b5-104b0a9daa6c"
    },
    {
      "folded": true,
      "id": "88cad4ea-304f-42a3-ab45-7ff7efd446ad"
    },
    {
      "folded": true,
      "id": "baae1fbf-12b4-49c2-9983-188de9f7667d"
    },
    {
      "folded": true,
      "id": "5959460c-4730-45da-9d34-9633a399b60f"
    },
    {
      "folded": true,
      "id": "c9ea195a-cf0e-41e0-8c63-31142112654e"
    },
    {
      "folded": true,
      "id": "594e0c15-489c-4d78-a145-02d538506857"
    },
    {
      "folded": true,
      "id": "0b62242f-bac0-40c2-ae2e-41e1ca9662f8"
    },
    {
      "folded": true,
      "id": "ff39199e-709b-43ec-8cea-de7c190b5874"
    },
    {
      "folded": true,
      "id": "32d9e837-2f26-4390-8868-a782c7dc9c94"
    },
    {
      "folded": true,
      "id": "f2a5141a-0776-4338-bb7a-ea54f85a76d2"
    },
    {
      "folded": true,
      "id": "46e8c1bf-1bd8-417b-85c1-85b1361ab254"
    },
    {
      "folded": true,
      "id": "4af370ed-4bb8-4dd2-a603-4a8d1c17a6c9"
    },
    {
      "folded": true,
      "id": "24973dc3-1574-494e-b632-2669ac36eeaf"
    },
    {
      "folded": true,
      "id": "df5a6a4e-537f-4d4e-ae5d-68fb7d418828"
    },
    {
      "folded": true,
      "id": "31fe7f0a-db22-4e59-ba59-b769c3d31007"
    },
    {
      "folded": true,
      "id": "fb53dad7-b202-464e-a8a3-af8225ec1138"
    },
    {
      "folded": true,
      "id": "238e7b34-c6d7-4b01-aba3-e6643dab6900"
    },
    {
      "folded": true,
      "id": "6862005c-5a2c-47ca-9c22-a2e84d8f195f"
    },
    {
      "folded": true,
      "id": "6f5afa46-b786-4607-a83b-45d2000486cc"
    },
    {
      "folded": true,
      "id": "38f43ac9-2abe-458c-a4d9-88dfdf659955"
    },
    {
      "folded": true,
      "id": "53d4162c-2c91-4484-9138-8c349e6bce40"
    },
    {
      "folded": true,
      "id": "1e157b92-6a14-427d-8cd4-45e9c5742f8f"
    },
    {
      "folded": true,
      "id": "3ad7bec8-0095-4fd8-86ac-2cf9a98e0d3a"
    },
    {
      "folded": true,
      "id": "08e5f53f-1035-4a76-85cd-7533e10eeafc"
    },
    {
      "folded": true,
      "id": "9ab7e660-2c4e-4396-af4e-7f5a3b602b2b"
    },
    {
      "folded": true,
      "id": "4aa91cea-55a8-4b29-a180-6146efb2db28"
    },
    {
      "folded": true,
      "id": "0af80b52-46df-41e8-a3cc-d7ab63d60b5e"
    },
    {
      "folded": true,
      "id": "f41f5e91-2c54-4e16-8097-1b95b1e2ee1c"
    },
    {
      "folded": true,
      "id": "15c34936-b0ab-44fb-b601-a972f86e5ce5"
    },
    {
      "folded": true,
      "id": "f4e86b60-997d-4cbc-84c4-4d76aea9b43c"
    },
    {
      "folded": true,
      "id": "c2690025-d481-4c78-ba0a-f21134e4bc77"
    },
    {
      "folded": true,
      "id": "b5556ec8-40d1-4316-b426-e304c5bbdc9f"
    },
    {
      "folded": true,
      "id": "cc3bd703-c453-4ca0-894d-76d6b1c282f1"
    },
    {
      "folded": true,
      "id": "0b2b3ab6-9729-43fe-8365-df4c478d6c6f"
    },
    {
      "folded": true,
      "id": "f21306d5-1687-4084-96f1-5407f052042b"
    },
    {
      "folded": true,
      "id": "95b9a318-acb0-46e1-85ad-60cd1339a703"
    },
    {
      "folded": true,
      "id": "634a5995-969a-4616-a6a9-7093f51c991e"
    },
    {
      "folded": true,
      "id": "e9d1786c-c106-4ab3-9db9-ce8d098b96da"
    },
    {
      "folded": true,
      "id": "b99cabfd-05cd-476e-ab90-51d00b9f0f4a"
    },
    {
      "folded": true,
      "id": "a68337fe-d267-4ea4-b5be-41802dd5cb2a"
    },
    {
      "folded": true,
      "id": "917a5264-010a-4c8a-9770-214b5e793755"
    },
    {
      "folded": true,
      "id": "4f6a3fed-90cf-4e8d-81bb-64694d519bb8"
    },
    {
      "folded": true,
      "id": "90e66e01-838e-40fa-8379-2df4f813b211"
    },
    {
      "folded": true,
      "id": "3bc580fd-a931-4e18-ba1b-6bc242fc0944"
    },
    {
      "folded": true,
      "id": "081efe90-2f76-46c9-935a-55b724a2e33b"
    },
    {
      "folded": true,
      "id": "c3a1e8c7-3ea2-4758-abae-9af1b8bb0468"
    },
    {
      "folded": true,
      "id": "d538cb5e-6e8c-4a25-a738-8a99a8217f28"
    },
    {
      "folded": true,
      "id": "f07a266f-ab51-409c-901c-55e88fcfa308"
    },
    {
      "folded": true,
      "id": "909181a1-55ac-41f4-bb0a-020f067b266e"
    },
    {
      "folded": true,
      "id": "46335bf5-a806-4f49-ad5b-43c91ab64776"
    },
    {
      "folded": true,
      "id": "72573348-a9bb-4ef8-a294-0da49bd1663a"
    },
    {
      "folded": true,
      "id": "b9823445-1cc0-4118-9147-9cee062805c5"
    },
    {
      "folded": true,
      "id": "2152979d-78fd-4cfc-a46a-870dd28e31cf"
    },
    {
      "folded": true,
      "id": "46e50d2d-0a3b-44bf-ac08-9a00bad4fa7c"
    },
    {
      "folded": true,
      "id": "ad41369f-ec92-49bb-b517-2341d6d2c8b6"
    },
    {
      "folded": true,
      "id": "5292fdbc-fe5e-4f32-85e1-bdb4d1ece522"
    },
    {
      "folded": true,
      "id": "3a15474d-ecca-402c-8dd1-208a99197dda"
    },
    {
      "folded": true,
      "id": "8de9984a-69ee-4a91-a9df-d60c4bfd11b1"
    },
    {
      "folded": true,
      "id": "31487ec3-4fa9-4799-80a2-bd4c137efbff"
    },
    {
      "folded": true,
      "id": "e5a0d5eb-6d13-4401-83b3-ca6bc57bb0cf"
    },
    {
      "folded": true,
      "id": "5d1484ed-9582-4e67-a2fe-46bf27d3b2e8"
    },
    {
      "folded": true,
      "id": "4eb6903d-25c3-493c-8d86-1d2126e5eadc"
    },
    {
      "folded": true,
      "id": "fd6896cc-21a6-4b57-bf31-08156098a883"
    },
    {
      "folded": true,
      "id": "8440b779-9b82-45ad-b379-3711fb3cc198"
    },
    {
      "folded": true,
      "id": "e386e60d-22a7-4c17-89c5-91e65bf370c8"
    },
    {
      "folded": true,
      "id": "c4954823-65e5-4458-b40a-311a45976a8b"
    },
    {
      "folded": true,
      "id": "65cc4a7a-74e8-471e-8c02-ba4eaf6bb798"
    },
    {
      "folded": true,
      "id": "a293dd9f-b05b-48b1-b8fd-ab3416d4d0d3"
    },
    {
      "folded": true,
      "id": "c6a31e0f-377a-47b5-9210-ad0de6c6d7f8"
    },
    {
      "folded": true,
      "id": "ee07f4ce-159e-45f7-b66e-a8ba330b7a94"
    },
    {
      "folded": true,
      "id": "b0a58409-8087-4ecc-bcd3-d4c50bdb2089"
    },
    {
      "folded": true,
      "id": "6a879de7-da78-4cda-9d42-c9b332dedc45"
    },
    {
      "folded": true,
      "id": "4cb792ee-2653-4c04-bf91-042295552efd"
    }
  ]
}