{
  "excludeScenes": [],
  "orientation": {
    "landscapeLeft": true,
    "landscapeRight": true,
    "portrait": false,
    "upsideDown": false
  },
  "packageName": "org.cocos2d.helloworld",
  "startScene": "2d2f792f-a40c-49bb-a189-ed176a246e49",
  "title": "hello_world",
  "webOrientation": "auto",
  "includeSDKBox": false,
  "includeAnySDK": false,
  "oauthLoginServer": "",
  "appKey": "",
  "appSecret": "",
  "privateKey": "",
  "jailbreakPlatform": false,
  "renderMode": "0",
  "inlineSpriteFrames": true,
  "inlineSpriteFrames_native": true,
  "mergeStartScene": false,
  "optimizeHotUpdate": false,
  "md5Cache": false
}